id,label,topic,text,source,revision,license
human-01,human,RPTRA Sunter Jaya,rptra sunter jaya adalah ruang publik terpadu ramah anak yang berada di wilayah di jalan l bentengan 6 no 1 rt 06 05 kelurahan sunter jaya kecamatan tanjung priok jakarta utara tepatnya di belakang kantor kelurahan sunter jaya rptra sunter jaya memiliki fasilitas antara lain ruang laktasi ibu menyusui perpustakaan taman bermain ruang pusat informasi konseling keluarga pkk mart lapangan badminton lapangan futsal dan toliet disabilitas rptra ini diresmikan oleh gubernur dki jakarta basuki tjahaja purnama didampingi sekretaris daerah dki jakarta saifulloh dan wali kota jakarta utara rustam effendi pada tanggal 18 desember 2015,https://id.wikipedia.org/wiki/RPTRA_Sunter_Jaya,22492043,CC BY-SA 4.0
human-02,human,Christie Damayanti,chirstie damayanti atau akrab dipanggil christie lahir 13 juni 1969 adalah seorang arsitek penulis dosen dan tokoh perempuan disabilitas indonesia sebagai arsitek salah satu karyanya yang fenomenal adalah central park jakarta pusat perbelanjaan ini menjadi salah satu pelopor dalam bangunan yang ramah terhadap disabilitas dan berhasil meraih banyak penghargaan internasional beberapa karyanya di bidang arsitektur bersama agung podomoro group adalah the thamrin residence senayan city dan braga city walk bandung sebagai penulis christie telah menerbitkan tidak kurang dari 26 buku dalam bahasa indonesia yang memiliki beragam tema dari biografi arsitektur disabilitas hingga filateli di mana buku-buku itu diterbikan oleh penerbit leutika prio yogyakarta,https://id.wikipedia.org/wiki/Christie_Damayanti,28443248,CC BY-SA 4.0
human-03,human,DjVu,djvu déjà vu merupakan format berkas yang dikembangkan oleh yann lecun léon bottou patrick haffner paul g howard patrice simard dan yoshua bengio di at t labs format berkas ini dikembangkan untuk mengakomodir berkas hasil pindai dengan ukuran berks lebih kecil utamanya untuk berkas yang memiliki informasi berupa grafik gambar foto dan teks inilah mengapa djvu dikembangkan sebagai alternatif yang lebih baik dari format berkas portable document format pdf ps tiff jpeg dan gif tidak hanya untuk berkas gambar djvu juga dikembangkan untuk format berkas bukel bersanding dengan format berkas populer lain seperti epub mobi dan cba,https://id.wikipedia.org/wiki/DjVu,28717551,CC BY-SA 4.0
human-04,human,Fufufafa,fufufafa adalah akun pengguna kaskus yang menimbulkan kontroversi dan diduga kuat merupakan akun milik wakil presiden indonesia gibran rakabuming raka fufufafa pertama kali menjadi sorotan publik setelah diungkap oleh sebuah akun x yang menemukan jejak digital penghinaan terhadap prabowo subianto dan putranya didit hediprasetyo penelusuran selanjutnya menemukan bahwa fufufafa juga menghina susilo bambang yudhoyono titiek soeharto dan anies baswedan serta melecehkan sejumlah artis seperti syahrini cinta laura nadia mulya bella shofie pevita pearce duo serigala haruka nakagawa nurul arifin wanda hamidah kartika putri dan rachel maryam selain itu fufufafa juga didapati memberikan komentar bernada rasis dan ofensif terhadap berbagai kelompok salah satunya terhadap etnis papua,https://id.wikipedia.org/wiki/Fufufafa,28751434,CC BY-SA 4.0
human-05,human,Kota Kinabalu,kota kinabalu adalah ibu kota sabah kota ini juga merupakan pusat pemerintahan untuk pantai barat negeri sabah kota ini terletak di pantai barat pulau kalimantan yang berhadapan langsung dengan laut tiongkok selatan gunung kinabalu yang menjadi nama dari kota ini berada di wilayah kk sementara taman tunku abdul rahman tempat perlindungan kehidupan liar terletak juga di sini sampai tahun 2010 kota kinabalu memiliki sekitar 452 058 jiwa penduduk sementara di daerah distrik penampang yang juga meliputi wilayah kota ini memiliki sekitar 176 667 jiwa jika dijumlahkan jumlah populasi metro adalah 628 725 jiwa kota ini juga merupakan tujuan wisata utama dan pintu masuk yang populer bagi wisatawan yang mengunjungi sabah dan juga kalimantan taman nasional kinabalu terletak sekitar 90 km dari kota ini dan ada banyak tempat menarik bagi wisatawan di sekitar daerah ini,https://id.wikipedia.org/wiki/Kota_Kinabalu,28769293,CC BY-SA 4.0
human-06,human,"Sebuah Nama, Sebuah Cerita",sebuah nama sebuah cerita merupakan album hit terbaik sekaligus album terakhir peterpan yang dirilis pada tahun 2008 melalui musica studio's berhubung peterpan tidak lama lagi akan melepaskan nama tersebut sesuai perjanjian dengan mantan personel mereka andika dan indra peterpan membuat album terakhir mereka dengan konsep album kompilasi lagu terbaik peterpan album ini dirlis sebagai double album dengan 30 lagu dalam format cd dan 21 lagu dalam format kaset di antara lagu-lagu tersebut terdapat empat rekaman baru yaitu walau habis terang kisah cintaku lagu daur ulang dari chrisye dilema besar dan tak ada yang abadi,"https://id.wikipedia.org/wiki/Sebuah_Nama,_Sebuah_Cerita",29097655,CC BY-SA 4.0
human-07,human,Kosakata dari bahasa Portugis dalam bahasa Jepang,kosakata dari bahasa portugis dalam bahasa jepang berasal dari kontak orang jepang dengan misionaris yesuit dari portugal selama zaman muromachi di jepang pelaut portugis adalah orang bangsa eropa pertama yang tiba di jepang mereka mulai menjalin hubungan dagang langsung pada 1542 sepanjang abad ke 15 dan abad ke 16 misionaris yesuit portugis bekerja menyebarkan agama katolik di jepang bahasa jepang pertama kali diterjemahkan ke dalam bahasa eropa oleh orang portugis pada 1603 sekelompok misionaris yesuit pimpinan joão rodrigues menyusun kamus jepang-portugis nippo jisho bahasa portugis vocabvlario da lingoa de iapam kamus ini diterbitkan di nagasaki dan berisi 32 000 entri yang ditulis dalam huruf latin selain itu rodrigues juga menulis buku tata bahasa jepang dalam bahasa portugis arte da lingoa de iapam,https://id.wikipedia.org/wiki/Kosakata_dari_bahasa_Portugis_dalam_bahasa_Jepang,22865589,CC BY-SA 4.0
human-08,human,Ocean Heaven,ocean heaven hanzi pinyin h iyáng ti ntáng jyutping hoi2 joeng4 tin1 tong4 adalah film tiongkok-hong kong produksi tahun 2010 bergenre drama bela diri yang dibintangi oleh jet li berpasangan dengan aktris taiwan gwei lun-mei yang sebelumnya berperan sebagai jay chou dalam film secret proses produksi film ini dilaksanakan di qingdao ocean heaven diumumkan dirilis pada musim dingin tahun 2010 tapi akhirnya tanggal rilis dimajukan menjadi 24 juni 2010 sebelumnya dilakukan pemutaran pada perhelatan 2010 shanghai international film festival 2 juni ocean heaven telah menuai penilaian dan ulasan yang bagus dan rating sangat tinggi,https://id.wikipedia.org/wiki/Ocean_Heaven,22461397,CC BY-SA 4.0
human-09,human,Butir-Butir Pasir di Laut,butir-butir pasir di laut adalah sebuah sandiwara radio yang pernah disiarkan di radio republik indonesia rri pada dekade 1970-an hingga 1980-an sandiwara radio ini disebut-sebut merupakan hasil kerja sama rri dengan badan koordinasi keluarga berencana nasional bkkbn sandiwara radio ini ditulis oleh eddy basrul intan dan disutradarai oleh john simamora dengan total sekitar 5 700 episode butir-butir pasir di laut disiarkan sejak tanggal 22 februari 1972 sementara redi panuju dalam bukunya menyebut sandiwara radio ini populer pada tahun 1970 hingga 1984 pada tanggal 4 agustus 1984 butir-butir pasir di laut meraih penghargaan internasional awards for media excellence dari the population institute dalam naskah ceramah untuk forum ikatan senat mahasiswa kedokteran indonesia di surabaya jawa timur pada 19 januari 1989 menteri penerangan ri harmoko menyebut butir-butir pasir di laut ikut andil dalam menyukseskan program keluarga berencana di indonesia pada tahun 2011,https://id.wikipedia.org/wiki/Butir-Butir_Pasir_di_Laut,26849325,CC BY-SA 4.0
human-10,human,Howard Wilkinson,howard wilkinson lahir 13 november 1943 adalah seorang manajer dan mantan pemain sepak bola asal inggris ia dikenal sebagai salah satu pelatih paling berpengaruh dalam sepak bola inggris pada akhir 1980-an hingga awal 1990-an terutama atas keberhasilannya bersama leeds united wilkinson memulai karier sepak bolanya sebagai pemain di posisi bek ia pernah membela beberapa klub termasuk notts county sheffield united brighton hove albion dan boston united setelah pensiun sebagai pemain ia beralih ke dunia kepelatihan dan mulai dikenal saat menangani sheffield wednesday pada 1980-an puncak kariernya sebagai manajer datang ketika ia menangani leeds united di bawah kepemimpinannya leeds berhasil promosi ke divisi satu pada musim 1989 1990 ia kemudian membawa klub tersebut meraih gelar juara divisi satu pada musim 1991 1992 yang menjadi musim terakhir sebelum kompetisi tersebut berubah menjadi liga primer inggris keberhasilan ini menjadikannya manajer inggris terakhir yang,https://id.wikipedia.org/wiki/Howard_Wilkinson,29140693,CC BY-SA 4.0
human-11,human,Giovanni Domenico Cassini,giovanni domenico cassini 8 juni 1625 14 september 1712 adalah seorang astronom italia astrolog dan insinyur cassini juga diketahui dengan nama giandomenico cassini lahir di perinaldo didekat sanremo yang pada waktu itu terletak di republik genoa cassini adalah seorang astronom di observatorium panzano dari tahun 1648 sampai tahun 1669 ia adalah seorang profesor astronomi di universitas bologna dan menjadi direktur observatorium paris tahun 1671 ia sepenuhnya mengadopsi negara barunya untuk sebagian bahwa ia menjadi dapat dipertukarkan diketahui dengan nama jean-dominique cassini walaupun ini juga merupakan nama dari anak dari cucunya bersama dengan robert hooke cassini dihargai untuk penemuan bintik merah raksasa di planet jupiter tahun 1665 cassini adalah yang pertama mengamati 4 dari satelit alami saturnus yang ia sebut sidera lodoicea ia juga menemukan divisi cassini tahun 1675 sekitar tahun 1690 cassini adalah yang pertama yang mengamati rotasi perbedaan di,https://id.wikipedia.org/wiki/Giovanni_Domenico_Cassini,27693308,CC BY-SA 4.0
human-12,human,Brian Cowen,brian cowen bahasa irlandia brian ó comhaincode ga is deprecated lahir 10 januari 1960 adalah kepala pemerintahan taoiseach irlandia yang menjabat pada 7 mei 2008 hingga 9 maret 2011 ia memimipin pemerintahan koalisi yang dipimpin partai fianna fáil yang meliputi partai hijau dan demokrat progresif dengan dukungan td independen ia telah menjati teachta dála td untuk konstituensi laois-offaly sejak 1984 ia sebelumnya menjabat sebagai menteri buruh 1992 1993 menteri energi 1993 menteri transportasi energi komunikasi 1993 1994 menteri kesehatan dan anak 1997 2000 menteri luar negeri 2000 2004 dan menteri keuangan 2004 2008 ia menjabat sebagai tánaiste sejak 2007 hingga 2008 ia menjadi pemimpin fianna fáil setelah pengunduran diri bertie ahern tanggal 7 mei 2008 setelah pengunduran diri bertie ahern sebagai taoiseach cowen dicalonkan di dáil dan terpilih sebagai taoiseach,https://id.wikipedia.org/wiki/Brian_Cowen,25269937,CC BY-SA 4.0
human-13,human,Paulo Dybala,paolo dybala lahir 15 november 1993 adalah pemain sepak bola profesional argentina yang bermain sebagai penyerang atau gelandang serang untuk klub serie a as roma hingga 1 juli 2026 dan tim nasional argentina dijuluki la joya sang permata ia dikenal karena kemampuannya menggiring bola dan mencetak gol dybala memulai karier klubnya pada tahun 2011 dengan instituto de córdoba sebelum menandatangani kontrak dengan palermo pada tahun 2012 di mana ia memenangkan gelar serie b pada tahun 2015 dybala menandatangani kontrak dengan juventus dan memenangkan gelar serie a dan empat gelar coppa italia ia juga dinobatkan sebagai serie a awards pada musim 2019 20 dan dinobatkan dalam serie a team of the year sebanyak empat kali dybala menempati peringkat sebagai pencetak gol terbanyak kesembilan sepanjang masa pada tahun 2022 dybala bergabung dengan klub serie a lainnya roma dybala melakoni debut seniornya untuk,https://id.wikipedia.org/wiki/Paulo_Dybala,29429341,CC BY-SA 4.0
human-14,human,Pengukur Ketebalan,pengukur ketebalan atau feeler gauge adalah alat yang digunakan untuk mengukur celah atau kerenggangan kecil di antara dua komponen misalnya jarak di antara valve stem dan lengan pemutus rocker arm yaitu tappet atau kerenggangan katup valve clearance alat ini memiliki ukuran ketebalan yang tertera pada masing-masing lembaran sehingga untuk menggunakanya tinggal menyesaikan kebutuhan sesuai spesifikasi ada beberapa penggunaan feeler gauge dalam bidang otomotif berikut merupakan beberapa macam penggunaan feeler gauge dalam bidang otomotif untuk mengukur celah katup untuk mengukur celah kontak platina untuk mengukur celah busi untuk megukur keausan pompa oli dan lain-lain sedangkan dalam penggunaan feeler gauge perlu memperhatikan beberapa hal entah itu kebersihan posisi pengukuran dan feeling atau perasaan agar didapatkan ukuran yang benar-benar sesuai dan presisi,https://id.wikipedia.org/wiki/Pengukur_Ketebalan,22909405,CC BY-SA 4.0
human-15,human,Kapal induk kelas Yorktown,kelas yorktown adalah kelas dari tiga kapal induk yang dibangun untuk angkatan laut amerika serikat dan diselesaikan sesaat sebelum perang dunia ii kelas ini didahului oleh pembangunan ranger sehingga menjadikan ketiga kapal induk amerika serikat tersebut sebagai yang pertama mendapat manfaat dari desain ranger kapal-kapal dalam kelas ini langsung merasakan pahitnya perang dua dari tiga kapal dalam kelas ini tenggelam pada awal perang pasifik yorktown tenggelam di pertempuran midway dan hornet tenggelam dalam pertempuran kepulauan santa cruz enterprise satu-satunya kapal yang selamat dari kelas ini merupakan kapal angkatan laut amerika serikat yang paling banyak mendapat penghargaan dalam perang dunia ii walau berbagai upaya dilakukan untuk mempertahankannya sebagai kapal museum ia akhirnya dibongkar pada tahun 1958,https://id.wikipedia.org/wiki/Kapal_induk_kelas_Yorktown,28026766,CC BY-SA 4.0
human-16,human,Kepala Badan Kependudukan dan Keluarga Berencana Nasional,badan kependudukan dan keluarga berencana nasional disingkat kepala bkkbn adalah pemimpin lembaga nonkementerian badan kependudukan dan keluarga berencana nasional posisi ini dibentuk di pemerintahan transisi dari soeharto pada tahun 1967 dengan nama ketua badan koordinasi keluarga berencana nasional pertama kali dijabat oleh suwardjono surjaningrat pada 1978 kepala bkkbn suwardjono surjaningrat merangkap jabatan sebagai menteri kesehatan pada 1978 hingga 1988 kemudian pada tahun 1993 lembaga ini digabungkan kantor menteri negara kependudukan yang di mana haryono suyono menjabat sebagai menteri negara kependudukan sekaligus kepala bkkbn selanjutnya posisi ini dijabat oleh ida bagus oka tahun 1999 posisi menteri negara kependudukan digabungkan dengan menteri transmigrasi posisi bkkbn dipisahkan dari jabatan menteri ini pada tahun agustus 2000 bkkbn disandingkan dengan kantor menteri negara pemberdayaan perempuan pada perombakan kabinet persatuan nasional setahun kemudian bkkbn kembali dipisahkan dalam lembaga kantor menteri negara tersebut pada 27 september 2011,https://id.wikipedia.org/wiki/Kepala_Badan_Kependudukan_dan_Keluarga_Berencana_Nasional,29342312,CC BY-SA 4.0
human-17,human,Mikey Day,michael william day lahir 20 maret 1980 adalah seorang aktor dan komedian asal amerika serikat ia dipekerjakan sebagai penulis untuk serial komedi sketsa nbc saturday night live sebelum musim ke 39 pada tahun 2013 ia kemudian dipromosikan menjadi pemeran dan menjadi pemain unggulan saat musim ke 42 acara tersebut pada tahun 2016 kemudian dipromosikan ke status pemain utama mulai musim ke 44 pada tahun 2018 day juga merupakan pembawa acara netflix is it cake ia sebelumnya adalah koresponden untuk the tonight show with jay leno dan the jay leno show,https://id.wikipedia.org/wiki/Mikey_Day,29347018,CC BY-SA 4.0
human-18,human,Lenyapnya Sebuah Permata,lenyapnya sebuah pertama atau the regatta mystery and other stories adalah sebuah kumpulan cerpen yang ditulis oleh agatha christie dan pertama kali diterbitkan di as oleh dodd mead and company pada 1939 edisi pertamanya seharga 2 00 dengan satu pengecualian in a glass darkly cerita-ceritanya menampilkan hercule poirot miss marple atau parker pyne para karakter detektif terkenal buatan christie kumpulan cerpen tersebut tak diterbitkan di inggris dan merupakan buku christie pertama yang diterbitkan di as tanpa penerbitan terlebih dahulu di inggris tetapi seluruh cerita dalam kumpulan cerpen tersebut diterbitkan dalam kumpulan cerpen inggris pada masa berikutnya,https://id.wikipedia.org/wiki/Lenyapnya_Sebuah_Permata,28480353,CC BY-SA 4.0
human-19,human,Susuh-batu yoyo,susuh-batu yoyo susuh-batu pakistan atau susuh-batu india botia almorhae adalah ikan air tawar yang termasuk dalam famili loach botiidae ini berasal dari perairan yang mengalir lambat dan tenang di lembah gangga di india utara dan mungkin nepal meskipun nama umum alternatifnya adalah loach pakistan b almorhae yang sebenarnya tidak diketahui dari pakistan spesies di negara ini adalah b birdi panjangnya mungkin mencapai 14 16 cm 5 5 6 3 in dan diberi nama karena polanya yang gelap dan pucat yang sering terlihat seperti guratan tulisan yoyo terutama pada spesimen yang lebih kecil muda oleh karena itu dinamakan susuh-batu yoyo,https://id.wikipedia.org/wiki/Susuh-batu_yoyo,28496020,CC BY-SA 4.0
human-20,human,Partai Anda (Britania Raya),partai anda adalah partai politik di britania raya yang didirikan oleh mantan anggota partai buruh jeremy corbyn dan zarah sultana pada 24 juli 2025 partai anda berhaluan kiri dalam spektrum politik partai ini terkait dengan aliansi independen sebuah kelompok yang terdiri dari 6 anggota parlemen independen di dewan rakyat britania raya yang diikuti oleh sultana dan jeremy pada juli 2025 partai anda memiliki satu anggota parlemen yang telah diumumkan zarah sultana di dewan rakyat britania raya dengan tiga anggota parlemen dalam aliansi independen yang terkait erat dengan partai tersebut sultana bergabung dengan aliansi independen pada juli 2025 tetapi keluar pada bulan september dua anggota parlemen aliansi independen lainnya telah mendukung partai anda tetapi sejak itu menarik dukungan mereka tokoh penting lainnya yang terlibat dalam partai anda termasuk karie murphy mantan kepala staf corbyn telah terjadi perselisihan antara tokoh-tokoh kunci partai,https://id.wikipedia.org/wiki/Partai_Anda_(Britania_Raya),28714605,CC BY-SA 4.0
human-21,human,Filsafat akuntansi,filsafat akuntansi adalah bidang filsafat yang membahas tentang kerangka konseptual untuk penerapan dan audit profesional dari akun dan laporan keuangan masalah dan isu-isu yang muncul meliputi kesulitan dalam menetapkan nilai yang sebenarnya dan wajar dari suatu perusahaan dan asetnya dasar moral laporan dan kebijaksanaan keuangan standar dan hukum yang diperlukan untuk memenuhi kebutuhan investor karyawan dan pemangku kepentingan lainnya disiplin ilmu akuntansi ini menegaskan bahwa transparansi sangat diperlukan dan memiliki peran penting dalam praktik akuntansi oleh karena itu filsafat akuntansi ini merupakan cara yang relevan untuk memahami laporan yang dapat mengungkap kebenaran dan keadilan dalam sistem akuntansi masalah penting yang lain dari filsafat akuntansi ini menyangkut prinsip-prinsip seperti substansi etika dan akuntabilitas serta konsep yang lebih abstrak seperti keadilan dan kesetaraan yang terkait dengan bidang akuntansi,https://id.wikipedia.org/wiki/Filsafat_akuntansi,28727355,CC BY-SA 4.0
human-22,human,Astro Boy (film),astro boy atau disebut atom atomu adalah film animasi 3d 2009 yang dibuat oleh waralaba jepang dengan nama yang sama yakni osamu tezuka film ini diproduksi oleh imagi animation studios sebuah perusahaan yang memproduksi animasi teenage mutant ninja turtle tmnt imagi animation studios mengumumkan proyek film ini pada september 2006 film ini disutradarai oleh david bowers flushed away dan diproduksi oleh maryann garger dengan pilar flynn sebagai rekan produser aktor pengisi suara diantaranya freddie highmore untuk karakter astro boy freddie highmore kristen bell nathan lane eugene levy matt lucas bill nighy donald sutherland dan nicolas cage trailer pendek film ini menampilkan lokasi di amerika utara tepatnya playstation home home teater film ini pertama kali rilis di hong kong pada 8 oktober 2009 dan di amerika serikat pada 23 oktober 2009 film ini menerima tinjauan yang beragam dari para kritikus film,https://id.wikipedia.org/wiki/Astro_Boy_(film),28550424,CC BY-SA 4.0
human-23,human,Mithras,misteri mithraik adalah agama misteri yang dipraktikkan di kekaisaran romawi dari sekitar abad ke 1 sampai 4 sm nama dewa persia mithra proto-indo-iran mitra diadaptasi ke dalam bahasa yunani sebagai mithras dikaitkan dengan citra yang baru dan khas para penulis pada periode kekaisaran romawi merujuk pada agama misteri ini dengan frasa yang dapat di artikan kedalam bahasa inggris sebagai misteri mithras atau misteri bangsa persia sejarawan modern menyebutnya sebagai mithraisme atau kadang-kadang mithraisme romawi misteri tersebut populer di militer romawi penyembah mithras memiliki suatu sistem yang kompleks atas tujuh nilai inisiasi dengan makanan ritual para inisiat menyebut diri mereka syndexioi mereka yang dipersatukan dengan jabat tangan mereka bertemu di kuil bawah tanah disebut mithraea yang terlestarikan dalam jumlah besar kultus tersebut tampaknya memiliki pusat di roma banyak temuan arkeologi termasuk tempat-tempat pertemuan monumen dan artefak telah memberikan kontribusi untuk pengetahuan,https://id.wikipedia.org/wiki/Mithras,28612687,CC BY-SA 4.0
human-24,human,Hutan Knockma,hutan knockma bahasa irlandia cnoc meadha adalah hutan yang terletak di belantara barat irlandia hutan ini memiliki keindahan yang cukup bagus namun hutan ini memiliki tentang mitos atau legenda mistis di hutan tersebut seperti sebuah bukit bebatuan ratu legendaris prajurit maeve juga dikatakan dimakamkan di piramida di bukit bebatuan tersebut konon di hutan itu terdapat sebuah kerajaan peri legendanya menceritakan bahwa peri finnbheara atau finvarra pernah menculik pengantik yang sangat cantik dari raja peri irlandia karena raja peri irlandia mengetahui itu kemudian raja peri irlandia bersama prajuritnya mengejar finvarra sampai kebukit raja peri irlandia kemudian memerintahkan para prajuritnya menggali lubang untuk menuju ke kerajaan peri connacht saat malam tiba para peri-peri finvarra menutup kembali lubang tersebut karena raja peri irlandia mengetahui itu kemudian ia menaburkan garam di sekeliling bukit tersebut dan pada akhirnya penggalian lubang tersebut sukses dan raja peri,https://id.wikipedia.org/wiki/Hutan_Knockma,28468176,CC BY-SA 4.0
human-25,human,Materi gelap dingin,dalam kosmologi dan fisika materi gelap dingin cold dark matter disingkat cdm adalah jenis hipotesis dari materi gelap berdasarkan model cdm yang menjadi standar kosmologi saat ini kira-kira 27 dari keseluruhan alam semesta tersusun atas materi gelap sementara 68 sisanya merupakan energi gelap hanya sebagian kecil yang terdiri dari materi barionik biasa yakni materi yang membentuk bintang-bintang planet-planet dan makhluk hidup istilah dingin mengacu pada kenyataan bahwa materi gelap bergerak sangat lambat dibandingkan dengan kecepatan cahaya sehingga menghasilkan persamaan keadaan yang nyaris nol sebaliknya kata gelap menunjukkan bahwa jenis materi ini berinteraksi sangat lemah dengan materi biasa maupun radiasi elektromagnetik kandidat yang diajukan untuk cdm mencakup partikel masif yang berinteraksi lemah lubang hitam primordial serta aksion dan sebagian besar varian neutrino,https://id.wikipedia.org/wiki/Materi_gelap_dingin,28397062,CC BY-SA 4.0
ai-01,ai,RPTRA Sunter Jaya,"RPTRA Sunter Jaya merupakan topik yang memiliki peran penting dalam perkembangan pengetahuan dan kehidupan masyarakat. Pembahasan mengenai topik ini dapat membantu pembaca memahami latar belakang, fungsi, serta pengaruhnya dalam berbagai bidang. Selain itu, informasi yang tersusun secara sistematis memungkinkan proses pembelajaran berlangsung lebih efektif dan terarah.

Dalam penerapannya, RPTRA Sunter Jaya tidak hanya menawarkan sejumlah manfaat, tetapi juga menghadirkan tantangan yang perlu diperhatikan. Data yang akurat, metode yang tepat, dan kerja sama antarpihak dapat meningkatkan kualitas keputusan. Oleh karena itu, setiap langkah perlu dilakukan secara bertanggung jawab agar hasilnya memberikan dampak yang positif.

Secara keseluruhan, pemahaman tentang RPTRA Sunter Jaya perlu terus dikembangkan melalui penelitian, pendidikan, dan penyebaran informasi yang dapat dipercaya. Pendekatan tersebut mampu mengurangi kesalahpahaman sekaligus membuka peluang baru. Dengan demikian, masyarakat dapat memanfaatkan pengetahuan yang tersedia secara lebih bijak, inklusif, dan berkelanjutan.",local deterministic generator,generator-v1,Generated for benchmark
ai-02,ai,Christie Damayanti,"Dalam penerapannya, Christie Damayanti tidak hanya menawarkan sejumlah manfaat, tetapi juga menghadirkan tantangan yang perlu diperhatikan. Data yang akurat, metode yang tepat, dan kerja sama antarpihak dapat meningkatkan kualitas keputusan. Oleh karena itu, setiap langkah perlu dilakukan secara bertanggung jawab agar hasilnya memberikan dampak yang positif.

Secara keseluruhan, pemahaman tentang Christie Damayanti perlu terus dikembangkan melalui penelitian, pendidikan, dan penyebaran informasi yang dapat dipercaya. Pendekatan tersebut mampu mengurangi kesalahpahaman sekaligus membuka peluang baru. Dengan demikian, masyarakat dapat memanfaatkan pengetahuan yang tersedia secara lebih bijak, inklusif, dan berkelanjutan.

Christie Damayanti merupakan topik yang memiliki peran penting dalam perkembangan pengetahuan dan kehidupan masyarakat. Pembahasan mengenai topik ini dapat membantu pembaca memahami latar belakang, fungsi, serta pengaruhnya dalam berbagai bidang. Selain itu, informasi yang tersusun secara sistematis memungkinkan proses pembelajaran berlangsung lebih efektif dan terarah.",local deterministic generator,generator-v1,Generated for benchmark
ai-03,ai,DjVu,"Secara keseluruhan, pemahaman tentang DjVu perlu terus dikembangkan melalui penelitian, pendidikan, dan penyebaran informasi yang dapat dipercaya. Pendekatan tersebut mampu mengurangi kesalahpahaman sekaligus membuka peluang baru. Dengan demikian, masyarakat dapat memanfaatkan pengetahuan yang tersedia secara lebih bijak, inklusif, dan berkelanjutan.

DjVu merupakan topik yang memiliki peran penting dalam perkembangan pengetahuan dan kehidupan masyarakat. Pembahasan mengenai topik ini dapat membantu pembaca memahami latar belakang, fungsi, serta pengaruhnya dalam berbagai bidang. Selain itu, informasi yang tersusun secara sistematis memungkinkan proses pembelajaran berlangsung lebih efektif dan terarah.

Dalam penerapannya, DjVu tidak hanya menawarkan sejumlah manfaat, tetapi juga menghadirkan tantangan yang perlu diperhatikan. Data yang akurat, metode yang tepat, dan kerja sama antarpihak dapat meningkatkan kualitas keputusan. Oleh karena itu, setiap langkah perlu dilakukan secara bertanggung jawab agar hasilnya memberikan dampak yang positif.",local deterministic generator,generator-v1,Generated for benchmark
ai-04,ai,Fufufafa,"Fufufafa merupakan topik yang memiliki peran penting dalam perkembangan pengetahuan dan kehidupan masyarakat. Pembahasan mengenai topik ini dapat membantu pembaca memahami latar belakang, fungsi, serta pengaruhnya dalam berbagai bidang. Selain itu, informasi yang tersusun secara sistematis memungkinkan proses pembelajaran berlangsung lebih efektif dan terarah.

Dalam penerapannya, Fufufafa tidak hanya menawarkan sejumlah manfaat, tetapi juga menghadirkan tantangan yang perlu diperhatikan. Data yang akurat, metode yang tepat, dan kerja sama antarpihak dapat meningkatkan kualitas keputusan. Oleh karena itu, setiap langkah perlu dilakukan secara bertanggung jawab agar hasilnya memberikan dampak yang positif.

Secara keseluruhan, pemahaman tentang Fufufafa perlu terus dikembangkan melalui penelitian, pendidikan, dan penyebaran informasi yang dapat dipercaya. Pendekatan tersebut mampu mengurangi kesalahpahaman sekaligus membuka peluang baru. Dengan demikian, masyarakat dapat memanfaatkan pengetahuan yang tersedia secara lebih bijak, inklusif, dan berkelanjutan.",local deterministic generator,generator-v1,Generated for benchmark
ai-05,ai,Kota Kinabalu,"Dalam penerapannya, Kota Kinabalu tidak hanya menawarkan sejumlah manfaat, tetapi juga menghadirkan tantangan yang perlu diperhatikan. Data yang akurat, metode yang tepat, dan kerja sama antarpihak dapat meningkatkan kualitas keputusan. Oleh karena itu, setiap langkah perlu dilakukan secara bertanggung jawab agar hasilnya memberikan dampak yang positif.

Secara keseluruhan, pemahaman tentang Kota Kinabalu perlu terus dikembangkan melalui penelitian, pendidikan, dan penyebaran informasi yang dapat dipercaya. Pendekatan tersebut mampu mengurangi kesalahpahaman sekaligus membuka peluang baru. Dengan demikian, masyarakat dapat memanfaatkan pengetahuan yang tersedia secara lebih bijak, inklusif, dan berkelanjutan.

Kota Kinabalu merupakan topik yang memiliki peran penting dalam perkembangan pengetahuan dan kehidupan masyarakat. Pembahasan mengenai topik ini dapat membantu pembaca memahami latar belakang, fungsi, serta pengaruhnya dalam berbagai bidang. Selain itu, informasi yang tersusun secara sistematis memungkinkan proses pembelajaran berlangsung lebih efektif dan terarah.",local deterministic generator,generator-v1,Generated for benchmark
ai-06,ai,"Sebuah Nama, Sebuah Cerita","Secara keseluruhan, pemahaman tentang Sebuah Nama, Sebuah Cerita perlu terus dikembangkan melalui penelitian, pendidikan, dan penyebaran informasi yang dapat dipercaya. Pendekatan tersebut mampu mengurangi kesalahpahaman sekaligus membuka peluang baru. Dengan demikian, masyarakat dapat memanfaatkan pengetahuan yang tersedia secara lebih bijak, inklusif, dan berkelanjutan.

Sebuah Nama, Sebuah Cerita merupakan topik yang memiliki peran penting dalam perkembangan pengetahuan dan kehidupan masyarakat. Pembahasan mengenai topik ini dapat membantu pembaca memahami latar belakang, fungsi, serta pengaruhnya dalam berbagai bidang. Selain itu, informasi yang tersusun secara sistematis memungkinkan proses pembelajaran berlangsung lebih efektif dan terarah.

Dalam penerapannya, Sebuah Nama, Sebuah Cerita tidak hanya menawarkan sejumlah manfaat, tetapi juga menghadirkan tantangan yang perlu diperhatikan. Data yang akurat, metode yang tepat, dan kerja sama antarpihak dapat meningkatkan kualitas keputusan. Oleh karena itu, setiap langkah perlu dilakukan secara bertanggung jawab agar hasilnya memberikan dampak yang positif.",local deterministic generator,generator-v1,Generated for benchmark
ai-07,ai,Kosakata dari bahasa Portugis dalam bahasa Jepang,"Kosakata dari bahasa Portugis dalam bahasa Jepang merupakan topik yang memiliki peran penting dalam perkembangan pengetahuan dan kehidupan masyarakat. Pembahasan mengenai topik ini dapat membantu pembaca memahami latar belakang, fungsi, serta pengaruhnya dalam berbagai bidang. Selain itu, informasi yang tersusun secara sistematis memungkinkan proses pembelajaran berlangsung lebih efektif dan terarah.

Dalam penerapannya, Kosakata dari bahasa Portugis dalam bahasa Jepang tidak hanya menawarkan sejumlah manfaat, tetapi juga menghadirkan tantangan yang perlu diperhatikan. Data yang akurat, metode yang tepat, dan kerja sama antarpihak dapat meningkatkan kualitas keputusan. Oleh karena itu, setiap langkah perlu dilakukan secara bertanggung jawab agar hasilnya memberikan dampak yang positif.

Secara keseluruhan, pemahaman tentang Kosakata dari bahasa Portugis dalam bahasa Jepang perlu terus dikembangkan melalui penelitian, pendidikan, dan penyebaran informasi yang dapat dipercaya. Pendekatan tersebut mampu mengurangi kesalahpahaman sekaligus membuka peluang baru. Dengan demikian, masyarakat dapat memanfaatkan pengetahuan yang tersedia secara lebih bijak, inklusif, dan berkelanjutan.",local deterministic generator,generator-v1,Generated for benchmark
ai-08,ai,Ocean Heaven,"Dalam penerapannya, Ocean Heaven tidak hanya menawarkan sejumlah manfaat, tetapi juga menghadirkan tantangan yang perlu diperhatikan. Data yang akurat, metode yang tepat, dan kerja sama antarpihak dapat meningkatkan kualitas keputusan. Oleh karena itu, setiap langkah perlu dilakukan secara bertanggung jawab agar hasilnya memberikan dampak yang positif.

Secara keseluruhan, pemahaman tentang Ocean Heaven perlu terus dikembangkan melalui penelitian, pendidikan, dan penyebaran informasi yang dapat dipercaya. Pendekatan tersebut mampu mengurangi kesalahpahaman sekaligus membuka peluang baru. Dengan demikian, masyarakat dapat memanfaatkan pengetahuan yang tersedia secara lebih bijak, inklusif, dan berkelanjutan.

Ocean Heaven merupakan topik yang memiliki peran penting dalam perkembangan pengetahuan dan kehidupan masyarakat. Pembahasan mengenai topik ini dapat membantu pembaca memahami latar belakang, fungsi, serta pengaruhnya dalam berbagai bidang. Selain itu, informasi yang tersusun secara sistematis memungkinkan proses pembelajaran berlangsung lebih efektif dan terarah.",local deterministic generator,generator-v1,Generated for benchmark
ai-09,ai,Butir-Butir Pasir di Laut,"Secara keseluruhan, pemahaman tentang Butir-Butir Pasir di Laut perlu terus dikembangkan melalui penelitian, pendidikan, dan penyebaran informasi yang dapat dipercaya. Pendekatan tersebut mampu mengurangi kesalahpahaman sekaligus membuka peluang baru. Dengan demikian, masyarakat dapat memanfaatkan pengetahuan yang tersedia secara lebih bijak, inklusif, dan berkelanjutan.

Butir-Butir Pasir di Laut merupakan topik yang memiliki peran penting dalam perkembangan pengetahuan dan kehidupan masyarakat. Pembahasan mengenai topik ini dapat membantu pembaca memahami latar belakang, fungsi, serta pengaruhnya dalam berbagai bidang. Selain itu, informasi yang tersusun secara sistematis memungkinkan proses pembelajaran berlangsung lebih efektif dan terarah.

Dalam penerapannya, Butir-Butir Pasir di Laut tidak hanya menawarkan sejumlah manfaat, tetapi juga menghadirkan tantangan yang perlu diperhatikan. Data yang akurat, metode yang tepat, dan kerja sama antarpihak dapat meningkatkan kualitas keputusan. Oleh karena itu, setiap langkah perlu dilakukan secara bertanggung jawab agar hasilnya memberikan dampak yang positif.",local deterministic generator,generator-v1,Generated for benchmark
ai-10,ai,Howard Wilkinson,"Howard Wilkinson merupakan topik yang memiliki peran penting dalam perkembangan pengetahuan dan kehidupan masyarakat. Pembahasan mengenai topik ini dapat membantu pembaca memahami latar belakang, fungsi, serta pengaruhnya dalam berbagai bidang. Selain itu, informasi yang tersusun secara sistematis memungkinkan proses pembelajaran berlangsung lebih efektif dan terarah.

Dalam penerapannya, Howard Wilkinson tidak hanya menawarkan sejumlah manfaat, tetapi juga menghadirkan tantangan yang perlu diperhatikan. Data yang akurat, metode yang tepat, dan kerja sama antarpihak dapat meningkatkan kualitas keputusan. Oleh karena itu, setiap langkah perlu dilakukan secara bertanggung jawab agar hasilnya memberikan dampak yang positif.

Secara keseluruhan, pemahaman tentang Howard Wilkinson perlu terus dikembangkan melalui penelitian, pendidikan, dan penyebaran informasi yang dapat dipercaya. Pendekatan tersebut mampu mengurangi kesalahpahaman sekaligus membuka peluang baru. Dengan demikian, masyarakat dapat memanfaatkan pengetahuan yang tersedia secara lebih bijak, inklusif, dan berkelanjutan.",local deterministic generator,generator-v1,Generated for benchmark
ai-11,ai,Giovanni Domenico Cassini,"Dalam penerapannya, Giovanni Domenico Cassini tidak hanya menawarkan sejumlah manfaat, tetapi juga menghadirkan tantangan yang perlu diperhatikan. Data yang akurat, metode yang tepat, dan kerja sama antarpihak dapat meningkatkan kualitas keputusan. Oleh karena itu, setiap langkah perlu dilakukan secara bertanggung jawab agar hasilnya memberikan dampak yang positif.

Secara keseluruhan, pemahaman tentang Giovanni Domenico Cassini perlu terus dikembangkan melalui penelitian, pendidikan, dan penyebaran informasi yang dapat dipercaya. Pendekatan tersebut mampu mengurangi kesalahpahaman sekaligus membuka peluang baru. Dengan demikian, masyarakat dapat memanfaatkan pengetahuan yang tersedia secara lebih bijak, inklusif, dan berkelanjutan.

Giovanni Domenico Cassini merupakan topik yang memiliki peran penting dalam perkembangan pengetahuan dan kehidupan masyarakat. Pembahasan mengenai topik ini dapat membantu pembaca memahami latar belakang, fungsi, serta pengaruhnya dalam berbagai bidang. Selain itu, informasi yang tersusun secara sistematis memungkinkan proses pembelajaran berlangsung lebih efektif dan terarah.",local deterministic generator,generator-v1,Generated for benchmark
ai-12,ai,Brian Cowen,"Secara keseluruhan, pemahaman tentang Brian Cowen perlu terus dikembangkan melalui penelitian, pendidikan, dan penyebaran informasi yang dapat dipercaya. Pendekatan tersebut mampu mengurangi kesalahpahaman sekaligus membuka peluang baru. Dengan demikian, masyarakat dapat memanfaatkan pengetahuan yang tersedia secara lebih bijak, inklusif, dan berkelanjutan.

Brian Cowen merupakan topik yang memiliki peran penting dalam perkembangan pengetahuan dan kehidupan masyarakat. Pembahasan mengenai topik ini dapat membantu pembaca memahami latar belakang, fungsi, serta pengaruhnya dalam berbagai bidang. Selain itu, informasi yang tersusun secara sistematis memungkinkan proses pembelajaran berlangsung lebih efektif dan terarah.

Dalam penerapannya, Brian Cowen tidak hanya menawarkan sejumlah manfaat, tetapi juga menghadirkan tantangan yang perlu diperhatikan. Data yang akurat, metode yang tepat, dan kerja sama antarpihak dapat meningkatkan kualitas keputusan. Oleh karena itu, setiap langkah perlu dilakukan secara bertanggung jawab agar hasilnya memberikan dampak yang positif.",local deterministic generator,generator-v1,Generated for benchmark
ai-13,ai,Paulo Dybala,"Paulo Dybala merupakan topik yang memiliki peran penting dalam perkembangan pengetahuan dan kehidupan masyarakat. Pembahasan mengenai topik ini dapat membantu pembaca memahami latar belakang, fungsi, serta pengaruhnya dalam berbagai bidang. Selain itu, informasi yang tersusun secara sistematis memungkinkan proses pembelajaran berlangsung lebih efektif dan terarah.

Dalam penerapannya, Paulo Dybala tidak hanya menawarkan sejumlah manfaat, tetapi juga menghadirkan tantangan yang perlu diperhatikan. Data yang akurat, metode yang tepat, dan kerja sama antarpihak dapat meningkatkan kualitas keputusan. Oleh karena itu, setiap langkah perlu dilakukan secara bertanggung jawab agar hasilnya memberikan dampak yang positif.

Secara keseluruhan, pemahaman tentang Paulo Dybala perlu terus dikembangkan melalui penelitian, pendidikan, dan penyebaran informasi yang dapat dipercaya. Pendekatan tersebut mampu mengurangi kesalahpahaman sekaligus membuka peluang baru. Dengan demikian, masyarakat dapat memanfaatkan pengetahuan yang tersedia secara lebih bijak, inklusif, dan berkelanjutan.",local deterministic generator,generator-v1,Generated for benchmark
ai-14,ai,Pengukur Ketebalan,"Dalam penerapannya, Pengukur Ketebalan tidak hanya menawarkan sejumlah manfaat, tetapi juga menghadirkan tantangan yang perlu diperhatikan. Data yang akurat, metode yang tepat, dan kerja sama antarpihak dapat meningkatkan kualitas keputusan. Oleh karena itu, setiap langkah perlu dilakukan secara bertanggung jawab agar hasilnya memberikan dampak yang positif.

Secara keseluruhan, pemahaman tentang Pengukur Ketebalan perlu terus dikembangkan melalui penelitian, pendidikan, dan penyebaran informasi yang dapat dipercaya. Pendekatan tersebut mampu mengurangi kesalahpahaman sekaligus membuka peluang baru. Dengan demikian, masyarakat dapat memanfaatkan pengetahuan yang tersedia secara lebih bijak, inklusif, dan berkelanjutan.

Pengukur Ketebalan merupakan topik yang memiliki peran penting dalam perkembangan pengetahuan dan kehidupan masyarakat. Pembahasan mengenai topik ini dapat membantu pembaca memahami latar belakang, fungsi, serta pengaruhnya dalam berbagai bidang. Selain itu, informasi yang tersusun secara sistematis memungkinkan proses pembelajaran berlangsung lebih efektif dan terarah.",local deterministic generator,generator-v1,Generated for benchmark
ai-15,ai,Kapal induk kelas Yorktown,"Secara keseluruhan, pemahaman tentang Kapal induk kelas Yorktown perlu terus dikembangkan melalui penelitian, pendidikan, dan penyebaran informasi yang dapat dipercaya. Pendekatan tersebut mampu mengurangi kesalahpahaman sekaligus membuka peluang baru. Dengan demikian, masyarakat dapat memanfaatkan pengetahuan yang tersedia secara lebih bijak, inklusif, dan berkelanjutan.

Kapal induk kelas Yorktown merupakan topik yang memiliki peran penting dalam perkembangan pengetahuan dan kehidupan masyarakat. Pembahasan mengenai topik ini dapat membantu pembaca memahami latar belakang, fungsi, serta pengaruhnya dalam berbagai bidang. Selain itu, informasi yang tersusun secara sistematis memungkinkan proses pembelajaran berlangsung lebih efektif dan terarah.

Dalam penerapannya, Kapal induk kelas Yorktown tidak hanya menawarkan sejumlah manfaat, tetapi juga menghadirkan tantangan yang perlu diperhatikan. Data yang akurat, metode yang tepat, dan kerja sama antarpihak dapat meningkatkan kualitas keputusan. Oleh karena itu, setiap langkah perlu dilakukan secara bertanggung jawab agar hasilnya memberikan dampak yang positif.",local deterministic generator,generator-v1,Generated for benchmark
ai-16,ai,Kepala Badan Kependudukan dan Keluarga Berencana Nasional,"Kepala Badan Kependudukan dan Keluarga Berencana Nasional merupakan topik yang memiliki peran penting dalam perkembangan pengetahuan dan kehidupan masyarakat. Pembahasan mengenai topik ini dapat membantu pembaca memahami latar belakang, fungsi, serta pengaruhnya dalam berbagai bidang. Selain itu, informasi yang tersusun secara sistematis memungkinkan proses pembelajaran berlangsung lebih efektif dan terarah.

Dalam penerapannya, Kepala Badan Kependudukan dan Keluarga Berencana Nasional tidak hanya menawarkan sejumlah manfaat, tetapi juga menghadirkan tantangan yang perlu diperhatikan. Data yang akurat, metode yang tepat, dan kerja sama antarpihak dapat meningkatkan kualitas keputusan. Oleh karena itu, setiap langkah perlu dilakukan secara bertanggung jawab agar hasilnya memberikan dampak yang positif.

Secara keseluruhan, pemahaman tentang Kepala Badan Kependudukan dan Keluarga Berencana Nasional perlu terus dikembangkan melalui penelitian, pendidikan, dan penyebaran informasi yang dapat dipercaya. Pendekatan tersebut mampu mengurangi kesalahpahaman sekaligus membuka peluang baru. Dengan demikian, masyarakat dapat memanfaatkan pengetahuan yang tersedia secara lebih bijak, inklusif, dan berkelanjutan.",local deterministic generator,generator-v1,Generated for benchmark
ai-17,ai,Mikey Day,"Dalam penerapannya, Mikey Day tidak hanya menawarkan sejumlah manfaat, tetapi juga menghadirkan tantangan yang perlu diperhatikan. Data yang akurat, metode yang tepat, dan kerja sama antarpihak dapat meningkatkan kualitas keputusan. Oleh karena itu, setiap langkah perlu dilakukan secara bertanggung jawab agar hasilnya memberikan dampak yang positif.

Secara keseluruhan, pemahaman tentang Mikey Day perlu terus dikembangkan melalui penelitian, pendidikan, dan penyebaran informasi yang dapat dipercaya. Pendekatan tersebut mampu mengurangi kesalahpahaman sekaligus membuka peluang baru. Dengan demikian, masyarakat dapat memanfaatkan pengetahuan yang tersedia secara lebih bijak, inklusif, dan berkelanjutan.

Mikey Day merupakan topik yang memiliki peran penting dalam perkembangan pengetahuan dan kehidupan masyarakat. Pembahasan mengenai topik ini dapat membantu pembaca memahami latar belakang, fungsi, serta pengaruhnya dalam berbagai bidang. Selain itu, informasi yang tersusun secara sistematis memungkinkan proses pembelajaran berlangsung lebih efektif dan terarah.",local deterministic generator,generator-v1,Generated for benchmark
ai-18,ai,Lenyapnya Sebuah Permata,"Secara keseluruhan, pemahaman tentang Lenyapnya Sebuah Permata perlu terus dikembangkan melalui penelitian, pendidikan, dan penyebaran informasi yang dapat dipercaya. Pendekatan tersebut mampu mengurangi kesalahpahaman sekaligus membuka peluang baru. Dengan demikian, masyarakat dapat memanfaatkan pengetahuan yang tersedia secara lebih bijak, inklusif, dan berkelanjutan.

Lenyapnya Sebuah Permata merupakan topik yang memiliki peran penting dalam perkembangan pengetahuan dan kehidupan masyarakat. Pembahasan mengenai topik ini dapat membantu pembaca memahami latar belakang, fungsi, serta pengaruhnya dalam berbagai bidang. Selain itu, informasi yang tersusun secara sistematis memungkinkan proses pembelajaran berlangsung lebih efektif dan terarah.

Dalam penerapannya, Lenyapnya Sebuah Permata tidak hanya menawarkan sejumlah manfaat, tetapi juga menghadirkan tantangan yang perlu diperhatikan. Data yang akurat, metode yang tepat, dan kerja sama antarpihak dapat meningkatkan kualitas keputusan. Oleh karena itu, setiap langkah perlu dilakukan secara bertanggung jawab agar hasilnya memberikan dampak yang positif.",local deterministic generator,generator-v1,Generated for benchmark
ai-19,ai,Susuh-batu yoyo,"Susuh-batu yoyo merupakan topik yang memiliki peran penting dalam perkembangan pengetahuan dan kehidupan masyarakat. Pembahasan mengenai topik ini dapat membantu pembaca memahami latar belakang, fungsi, serta pengaruhnya dalam berbagai bidang. Selain itu, informasi yang tersusun secara sistematis memungkinkan proses pembelajaran berlangsung lebih efektif dan terarah.

Dalam penerapannya, Susuh-batu yoyo tidak hanya menawarkan sejumlah manfaat, tetapi juga menghadirkan tantangan yang perlu diperhatikan. Data yang akurat, metode yang tepat, dan kerja sama antarpihak dapat meningkatkan kualitas keputusan. Oleh karena itu, setiap langkah perlu dilakukan secara bertanggung jawab agar hasilnya memberikan dampak yang positif.

Secara keseluruhan, pemahaman tentang Susuh-batu yoyo perlu terus dikembangkan melalui penelitian, pendidikan, dan penyebaran informasi yang dapat dipercaya. Pendekatan tersebut mampu mengurangi kesalahpahaman sekaligus membuka peluang baru. Dengan demikian, masyarakat dapat memanfaatkan pengetahuan yang tersedia secara lebih bijak, inklusif, dan berkelanjutan.",local deterministic generator,generator-v1,Generated for benchmark
ai-20,ai,Partai Anda (Britania Raya),"Dalam penerapannya, Partai Anda (Britania Raya) tidak hanya menawarkan sejumlah manfaat, tetapi juga menghadirkan tantangan yang perlu diperhatikan. Data yang akurat, metode yang tepat, dan kerja sama antarpihak dapat meningkatkan kualitas keputusan. Oleh karena itu, setiap langkah perlu dilakukan secara bertanggung jawab agar hasilnya memberikan dampak yang positif.

Secara keseluruhan, pemahaman tentang Partai Anda (Britania Raya) perlu terus dikembangkan melalui penelitian, pendidikan, dan penyebaran informasi yang dapat dipercaya. Pendekatan tersebut mampu mengurangi kesalahpahaman sekaligus membuka peluang baru. Dengan demikian, masyarakat dapat memanfaatkan pengetahuan yang tersedia secara lebih bijak, inklusif, dan berkelanjutan.

Partai Anda (Britania Raya) merupakan topik yang memiliki peran penting dalam perkembangan pengetahuan dan kehidupan masyarakat. Pembahasan mengenai topik ini dapat membantu pembaca memahami latar belakang, fungsi, serta pengaruhnya dalam berbagai bidang. Selain itu, informasi yang tersusun secara sistematis memungkinkan proses pembelajaran berlangsung lebih efektif dan terarah.",local deterministic generator,generator-v1,Generated for benchmark
ai-21,ai,Filsafat akuntansi,"Secara keseluruhan, pemahaman tentang Filsafat akuntansi perlu terus dikembangkan melalui penelitian, pendidikan, dan penyebaran informasi yang dapat dipercaya. Pendekatan tersebut mampu mengurangi kesalahpahaman sekaligus membuka peluang baru. Dengan demikian, masyarakat dapat memanfaatkan pengetahuan yang tersedia secara lebih bijak, inklusif, dan berkelanjutan.

Filsafat akuntansi merupakan topik yang memiliki peran penting dalam perkembangan pengetahuan dan kehidupan masyarakat. Pembahasan mengenai topik ini dapat membantu pembaca memahami latar belakang, fungsi, serta pengaruhnya dalam berbagai bidang. Selain itu, informasi yang tersusun secara sistematis memungkinkan proses pembelajaran berlangsung lebih efektif dan terarah.

Dalam penerapannya, Filsafat akuntansi tidak hanya menawarkan sejumlah manfaat, tetapi juga menghadirkan tantangan yang perlu diperhatikan. Data yang akurat, metode yang tepat, dan kerja sama antarpihak dapat meningkatkan kualitas keputusan. Oleh karena itu, setiap langkah perlu dilakukan secara bertanggung jawab agar hasilnya memberikan dampak yang positif.",local deterministic generator,generator-v1,Generated for benchmark
ai-22,ai,Astro Boy (film),"Astro Boy (film) merupakan topik yang memiliki peran penting dalam perkembangan pengetahuan dan kehidupan masyarakat. Pembahasan mengenai topik ini dapat membantu pembaca memahami latar belakang, fungsi, serta pengaruhnya dalam berbagai bidang. Selain itu, informasi yang tersusun secara sistematis memungkinkan proses pembelajaran berlangsung lebih efektif dan terarah.

Dalam penerapannya, Astro Boy (film) tidak hanya menawarkan sejumlah manfaat, tetapi juga menghadirkan tantangan yang perlu diperhatikan. Data yang akurat, metode yang tepat, dan kerja sama antarpihak dapat meningkatkan kualitas keputusan. Oleh karena itu, setiap langkah perlu dilakukan secara bertanggung jawab agar hasilnya memberikan dampak yang positif.

Secara keseluruhan, pemahaman tentang Astro Boy (film) perlu terus dikembangkan melalui penelitian, pendidikan, dan penyebaran informasi yang dapat dipercaya. Pendekatan tersebut mampu mengurangi kesalahpahaman sekaligus membuka peluang baru. Dengan demikian, masyarakat dapat memanfaatkan pengetahuan yang tersedia secara lebih bijak, inklusif, dan berkelanjutan.",local deterministic generator,generator-v1,Generated for benchmark
ai-23,ai,Mithras,"Dalam penerapannya, Mithras tidak hanya menawarkan sejumlah manfaat, tetapi juga menghadirkan tantangan yang perlu diperhatikan. Data yang akurat, metode yang tepat, dan kerja sama antarpihak dapat meningkatkan kualitas keputusan. Oleh karena itu, setiap langkah perlu dilakukan secara bertanggung jawab agar hasilnya memberikan dampak yang positif.

Secara keseluruhan, pemahaman tentang Mithras perlu terus dikembangkan melalui penelitian, pendidikan, dan penyebaran informasi yang dapat dipercaya. Pendekatan tersebut mampu mengurangi kesalahpahaman sekaligus membuka peluang baru. Dengan demikian, masyarakat dapat memanfaatkan pengetahuan yang tersedia secara lebih bijak, inklusif, dan berkelanjutan.

Mithras merupakan topik yang memiliki peran penting dalam perkembangan pengetahuan dan kehidupan masyarakat. Pembahasan mengenai topik ini dapat membantu pembaca memahami latar belakang, fungsi, serta pengaruhnya dalam berbagai bidang. Selain itu, informasi yang tersusun secara sistematis memungkinkan proses pembelajaran berlangsung lebih efektif dan terarah.",local deterministic generator,generator-v1,Generated for benchmark
ai-24,ai,Hutan Knockma,"Secara keseluruhan, pemahaman tentang Hutan Knockma perlu terus dikembangkan melalui penelitian, pendidikan, dan penyebaran informasi yang dapat dipercaya. Pendekatan tersebut mampu mengurangi kesalahpahaman sekaligus membuka peluang baru. Dengan demikian, masyarakat dapat memanfaatkan pengetahuan yang tersedia secara lebih bijak, inklusif, dan berkelanjutan.

Hutan Knockma merupakan topik yang memiliki peran penting dalam perkembangan pengetahuan dan kehidupan masyarakat. Pembahasan mengenai topik ini dapat membantu pembaca memahami latar belakang, fungsi, serta pengaruhnya dalam berbagai bidang. Selain itu, informasi yang tersusun secara sistematis memungkinkan proses pembelajaran berlangsung lebih efektif dan terarah.

Dalam penerapannya, Hutan Knockma tidak hanya menawarkan sejumlah manfaat, tetapi juga menghadirkan tantangan yang perlu diperhatikan. Data yang akurat, metode yang tepat, dan kerja sama antarpihak dapat meningkatkan kualitas keputusan. Oleh karena itu, setiap langkah perlu dilakukan secara bertanggung jawab agar hasilnya memberikan dampak yang positif.",local deterministic generator,generator-v1,Generated for benchmark
ai-25,ai,Materi gelap dingin,"Materi gelap dingin merupakan topik yang memiliki peran penting dalam perkembangan pengetahuan dan kehidupan masyarakat. Pembahasan mengenai topik ini dapat membantu pembaca memahami latar belakang, fungsi, serta pengaruhnya dalam berbagai bidang. Selain itu, informasi yang tersusun secara sistematis memungkinkan proses pembelajaran berlangsung lebih efektif dan terarah.

Dalam penerapannya, Materi gelap dingin tidak hanya menawarkan sejumlah manfaat, tetapi juga menghadirkan tantangan yang perlu diperhatikan. Data yang akurat, metode yang tepat, dan kerja sama antarpihak dapat meningkatkan kualitas keputusan. Oleh karena itu, setiap langkah perlu dilakukan secara bertanggung jawab agar hasilnya memberikan dampak yang positif.

Secara keseluruhan, pemahaman tentang Materi gelap dingin perlu terus dikembangkan melalui penelitian, pendidikan, dan penyebaran informasi yang dapat dipercaya. Pendekatan tersebut mampu mengurangi kesalahpahaman sekaligus membuka peluang baru. Dengan demikian, masyarakat dapat memanfaatkan pengetahuan yang tersedia secara lebih bijak, inklusif, dan berkelanjutan.",local deterministic generator,generator-v1,Generated for benchmark
