id,label,topic,genre,corpus,text,source,revision,license,generator,requested_model,model,prompt_id,generated_at,fallback
external-human-01,human,Anjuranku Kepada Segenap Bangsa Indonesia,dokumen_sastra,wikisource,"ANJURANKU KEPADA SEGENAP BANGSA INDONESIA Ceramah PresidenPada Pertemuan Gerakan Pembela Pancasiladi Istana Pada Tanggal 17 Juni 1954 Saudara-saudara sekalian Lebih dahulu saya mengucap banyak-banyak terima kasih kepada Saudara-saudara sekalian, bahwa Saudara-saudara pada malam ini memerlukan datang di sini untuk bersilaturahmi dengan kepala negara serta Ibu Soekarno. Sekarang saya diminta untuk membuat ceramah. Ceramah yang terutama sekali mengenai hal Pancasila dasar dan azas negara Republik Indonesia yang kita proklamirkan pada tanggal 17 Agustus 1945. Kadang-kadang saya mendengar sebutan ""Gerakan Pembela Pancasila"". Sebenarnya sebutan yang demikian itu kurang lengkap. Harusnya, ialah ""Gerakan Pembela Pancasila Sebagai Dasar Negara"". Kalau sekadar dinamakan ""Pembela Pancasila"", maka berarti bahwa Pancasila itu harus dibela. Dan dengan sendirinya timbullah pertanyaan: Apakah Pancasila itu harus dibela? Pertanyaan ini ada hubungannya dengan paham atau pendapat yang pernah dikemukakan oleh salah seorang Saudara bangsa kita, bahwa Pancasila adalah buatan manusia. Saudara-saudara Dalam hubungan ini buat kesekian kalinya saya katakan, bahwa saya bukanlah pencipta Pancasila, saya bukanlah pembuat Pancasila. Apa yang saya kerjakan tempo hari, ialah sekadar memformulir perasaan-perasaan yang ada di dalam kalangan rakyat dengan beberapa kata-kata, yang saya namakan ""Pancasila"".",https://id.wikisource.org/wiki/Anjuranku_Kepada_Segenap_Bangsa_Indonesia,53306,CC BY-SA 4.0,human-public-corpus,,,,,false
external-human-02,human,Peraturan Daerah Kabupaten Malinau Nomor 13 Tahun 2002,dokumen_sastra,wikisource,"PERATURAN DAERAH KABUPATEN MALINAU NOMOR 13 TAHUN 2002 TENTANG LARANGAN MINUMAN BERALKOHOL DI KABUPATEN MALINAU DENGAN RAHMAT TUHAN YANG MAHA ESA BUPATI MALINAU Menimbang : bahwa untuk mencegah dan melindungi masyarakat terutama generasi muda terhadap bahaya penggunaan minuman beralkohol, yang juga merupakan suatu hal yang sangat berbahaya bagi kesehatan dan kehidupan bermasyarakat, khususnya di wilayah Kabupaten Malinau, maka dipandang perlu membentuk Peraturan Daerah tentang Larangan Peredaran Minuman Beralkohol di Kabupaten Malinau. Mengingat : 1. Undang-undang Nomor 8 Tahun 1981 tentang Kitab Undang-undang Hukum Acara Pidana (Lembaran Negara Tahun 1981 Nomor 76, Tambahan Lembaran Negara Nomor 3209); 2. Undang-undang Nomor 23 Tahun 1992 tentang Kesehatan (Lembaran Negara Tahun 1992 Nomor 100, Tambahan Lembaga Negara Nomor 3495); 3. Undang-undang Nomor 22 Tahun 1999 tentang Pemerintahan Daerah (Lembaran Negara Tahun 1999 Nomor 60, Tambahan Lembaga Negara Nomor 3839); 4. Undang-undang Nomor 25 Tahun 1999 tentang Perimbangan Keuangan antara Pemerintah Pusat dan Daerah (Lembaran Negara Tahun 1999 Nomor 72 , Tambahan Lembaga Negara Nomor 3848); 5. Undang-undang Nomor 28 Tahun 1999 tentang Penyelenggaraan Negara yang Bersih dan Bebas dari Korupsi, Kolusi dan Nepotisme (Lembaran",https://id.wikisource.org/wiki/Peraturan_Daerah_Kabupaten_Malinau_Nomor_13_Tahun_2002,43890,CC BY-SA 4.0,human-public-corpus,,,,,false
external-human-03,human,Putusan Mahkamah Konstitusi Republik Indonesia Nomor 009/PUU-IV/2006,dokumen_sastra,wikisource,"P U T U S A N Nomor 009/PUU-IV/2006 DEMI KEADILAN BERDASARKAN KETUHANAN YANG MAHA ESA Mahkamah Konstitusi Republik Indonesia Yang memeriksa, mengadili, dan memutus perkara konstitusi pada tingkat pertama dan terakhir, telah menjatuhkan putusan dalam permohonan pengujian Undang-undang Republik Indonesia Nomor 18 Tahun 2003 tentang Advokat terhadap Undang-Undang Dasar Negara Republik Indonesia Tahun 1945 (selanjutnya disebut UUD 1945) yang diajukan oleh :-------------------------- 1. A.WAHYU PURWANA, S.H., M.H., pekerjaan advokat dan konsultan hukum beralamat Jl. Permata V Blok AD 2 Nomor 14 Fajar Indah Permata Colomadu Karanganyar dan Jl. KH Samanhudi Nomor 196 Surakarta. Selanjutnya disebut sebagai ---------------------------------------- PEMOHON I, 2. M. WIDHI DATU WICAKSONO, S.H., pekerjaan staf pada Kantor Advokat A. WAHYU PURWANA,S.H.,M.H. & ASSOCIATES beralamat Jl. Permata V Blok AD 2 Nomor 14 Fajar Indah Permata Colomadu Karanganyar. Selanjutnya disebut sebagai ------------------------------------------ PEMOHON II, 3. A. DHATU HARYO YUDO, S.H., pekerjaan Mahasiswa Pasca Sarjana dan staf pada kantor Advokat A. WAHYU PURWANA,S.H.,M.H & ASSOCIATES, beralamat Jl Kebon Kacang VI Jakarta Selanjutnya disebut sebagai --------------------------------------- PEMOHON III, 4. MOHAMMAD SOFYAN, S.H., pekerjaan staf Kantor Advokat A.WAHYU PURWANA, S.H., M.H.",https://id.wikisource.org/wiki/Putusan_Mahkamah_Konstitusi_Republik_Indonesia_Nomor_009/PUU-IV/2006,25687,CC BY-SA 4.0,human-public-corpus,,,,,false
external-human-04,human,Rancangan Undang-Undang Republik Indonesia tentang Pornografi (2008),dokumen_sastra,wikisource,"RANCANGAN UNDANG-UNDANG REPUBLIK INDONESIA NOMOR TAHUN TENTANG PORNOGRAFI DENGAN RAHMAT TUHAN YANG MAHA ESA PRESIDEN REPUBLIK INDONESIA, Menimbang: a. bahwa negara Indonesia adalah negara hukum yang berdasarkan Pancasila dengan menjunjung tinggi nilai-nilai moral, etika, akhlak mulia, dan kepribadian luhur bangsa, beriman dan bertakwa kepada Tuhan Yang Maha Esa, menghormati kebhinekaan dalam kehidupan bermasyarakat, berbangsa, dan bernegara, serta melindungi harkat dan martabat setiap warga negara; b. bahwa pembuatan, penyebarluasan, dan penggunaan pornografi semakin berkembang luas di tengah masyarakat yang mengancam kehidupan dan tatanan sosial masyarakat Indonesia; c. bahwa peraturan perundang-undangan yang berkaitan dengan pornografi yang ada saat ini belum dapat memenuhi kebutuhan hukum serta perkembangan masyarakat; d. bahwa berdasarkan pertimbangan sebagaimana dimaksud dalam huruf a, huruf b, dan huruf c perlu membentuk Undang-Undang tentang Pornografi; Mengingat : Pasal 20, Pasal 21, Pasal 28B ayat (2), Pasal 28J ayat (2), dan Pasal 29 Undang-Undang Dasar Negara Republik Indonesia Tahun 1945; Dengan Persetujuan Bersama DEWAN PERWAKILAN RAKYAT REPUBLIK INDONESIA dan PRESIDEN REPUBLIK INDONESIA MEMUTUSKAN: Menetapkan: UNDANG-UNDANG TENTANG PORNOGRAFI. BAB I KETENTUAN UMUM Pasal 1 Dalam Undang-Undang ini yang dimaksud dengan: 1. Pornografi adalah",https://id.wikisource.org/wiki/Rancangan_Undang-Undang_Republik_Indonesia_tentang_Pornografi_(2008),25338,CC BY-SA 4.0,human-public-corpus,,,,,false
external-human-05,human,Alif Laila,ensiklopedis,wikipedia,"Alaf Laila adalah serial televisi India berdasarkan Seribu Satu Malam, juga dikenal sebagai Arabian Nights. Itu diproduksi oleh Sagar Arts. Itu dibuat dalam dua musim. Serial dari tahun 1993 hingga 1997 sebanyak 143 episode di DD National. Alur cerita serial ini dimulai dari awal ketika Syahrazad mulai bercerita kepada Shahryar dan berisi kisah-kisah terkenal dan kurang dikenal dari Seribu Satu Malam yang disebutkan di sini. Nama Alif Laila merupakan kependekan dari judul asli Arab Seribu Satu Malam - Alif Layla wa-Layla (bahasa Arab: ألف ليلة وليلةcode: ar is deprecated ).",https://id.wikipedia.org/wiki/Alif_Laila,27838762,CC BY-SA 4.0,human-public-corpus,,,,,false
external-human-06,human,K. R. Narayanan,ensiklopedis,wikipedia,"Kocheril Raman Narayanan (; 27 Oktober 1920 – 9 November 2005) adalah Presiden India kesepuluh. Lahir di Perumthanam, desa Uzhavoor, di wilayah kerajaan Travancore (sekarang di distrik Kottayam, Kerala), dan setelah berkecimpung dalam jurnalisme dan kemudian mempelajari ilmu pengetahuan politik di Sekolah Ekonomi London dengan bantuan beasiswa, Narayanan memulai kariernya di India sebagai anggota Layanan Luar Negeri India dalam pemerintahan Nehru. Ia menjabat sebagai duta besar untuk Jepang, Britania Raya, Thailand, Turki, Tiongkok dan Amerika Serikat dan disebut oleh Nehru sebagai ""diplomat terbaik dari negara tersebut"". Ia masuk politik atas permintaan Indira Gandhi dan memenangkan tiga pemilihan umum suksesif untuk Lok Sabha dan menjabat sebagai Menteri Negara dalam Kabinet Serikat di bawah pemerintahan mantan Perdana Menteri Rajiv Gandhi. Terpilih sebagai Wakil Presiden kesembilan pada 1992, Narayanan menjadi Presiden pada 1997. Ia merupakan anggota komunitas Dalit pertama dan, sampai sejauh ini, satu-satunya yang memegang jabatan tersebut.",https://id.wikipedia.org/wiki/K._R._Narayanan,25952537,CC BY-SA 4.0,human-public-corpus,,,,,false
external-human-07,human,Kode pos Tiongkok,ensiklopedis,wikipedia,"Kode pos Tiongkok [Hanzi sederhana: 邮政编码 (邮编); Hanzi tradisional: 郵政編碼 (郵編); Pinyin: yóuzhèng biānmǎ (yóubiān)] adalah kode pos yang digunakan oleh Pos Tiongkok untuk pengiriman surat dan barang di Tiongkok Daratan. Pos Tiongkok menggunakan sistem enam digit dengan empat tingkatan: Tingkat pertama: dua digit pertama menunjukkan provinsi di Tiongkok, munisipal setara-provinsi, atau daerah otonom. Tingkat kedua: digit ketiga menunjukkan zona pos di dalam provinsi, munisipalitas atau daerah otonom. Tingkat ketiga: digit keempat menunjukkan kantor pos di dalam prefektur atau kota setingkat prefektur. Tingkat kempat: dua digit terakhir menunjukkan area pengiriman khusus. Taiwan tidak di bawah kendali Republik Rakyat Tiongkok. Oleh karena itu, meskipun ada kode pos resmi dari Pos Tiongkok, kode-kode tersebut tidak digunakan. Perusahaan Pos Chunghwa (中華郵政股份有限公司 Zhōng Huá Yóu Zhèng Gǔ Fèn Yǒu Xiàn Gōng Sī) merupakan kantor pos resmi di Taiwan, menggunakan sistem kode pos yang berbeda dengan yang telah ditetapkan di Tiongkok. Semua kiriman pos antara Tiongkok dengan Taiwan merupakan kiriman pos internasional, dan kiriman pos dari Tiongkok ke Taiwan sebenarnya mengharuskan penggunaan kode pos yang ditetapkan oleh Pos Chunghwa Taiwan. Kode angka 000000–009999 tidak digunakan,",https://id.wikipedia.org/wiki/Kode_pos_Tiongkok,23505604,CC BY-SA 4.0,human-public-corpus,,,,,false
external-human-08,human,Penahbisan perempuan dan Gereja Katolik,ensiklopedis,wikipedia,"Dalam tradisi liturgi Gereja Katolik, istilah tahbisan mengacu pada cara seseorang dimasukkan ke dalam salah satu tahbisan suci dari uskup, imam atau diaken. Ajaran Gereja Katolik tentang pentahbisan, sebagaimana diungkapkan dalam Kitab Hukum Kanonik 1983, Katekismus Gereja Katolik, dan surat apostolik Ordinatio sakerdotalis, apakah hanya laki-laki Katolik yang secara sah menerima penahbisan, dan ""bahwa Gereja tidak mempunyai wewenang apa pun untuk menganugerahkan penahbisan imam kepada perempuan dan bahwa keputusan ini secara definitif harus dipegang oleh seluruh umat beriman Gereja."" Dengan kata lain, imamat laki-laki tidak dianggap oleh gereja sebagai masalah kebijakan tetapi merupakan persyaratan Tuhan yang tidak dapat diubah. Seperti halnya para imam dan uskup, gereja hanya menahbiskan laki-laki sebagai diakon. Catholic News Service melaporkan bahwa gereja tidak menahbiskan siapa pun yang telah menjalani operasi penggantian kelamin dan memberikan ""rekomendasi pengobatan psikiatri dan konseling spiritual"" bagi orang-orang yang menderita penyakit ini. transeksual, berpendapat bahwa ini adalah indikator ""ketidakstabilan mental"".",https://id.wikipedia.org/wiki/Penahbisan_perempuan_dan_Gereja_Katolik,28483044,CC BY-SA 4.0,human-public-corpus,,,,,false
external-human-09,human,Mitologi Yunani/Herakles/Kehidupan Awal,instruksional,wikibooks,"Dalam kehidupan mudanya, namanya diganti dari Alkaios menjadi Herakles, yang berarti Kejayaan dari Hera. Nama ini bermakna bahwa dia akan meraih kejayaan dari permusuhan Hera. Banyak orang terkenal yang terlibat dalam pendidikan Herakles. Amfitrion mengajari Herakles cara mengendarai kereta perang dan Kastor mengajarinya anggar. Sedangkan Autolikos, pencuri terkenal dan putra Hermes, mengajari Herakles bergulat. Putra Hermes lainnya, Harpalikos, mengajari Herakles bertinju. Euritos, raja Oikhalia, mengajarinya memanah. Linos, putra Mousai Kaliiope atau Urania, mengajari Herakles bermain musik. Belajar musik ternyata membawa bencana bagi Herakles. Suatu hari Linos memarahi Herakles karena jarang memperhatikan pelajaran. Herakles marah dan memukul kepala Linos dengan lira. Linos mati seketika. Herakles lalu ditugaskan oleh Amfitrion untuk menggembalakan domba di peternakan di di daerah pedesaan di dekat Thespiai. Ini dilakukan supaya Herakles jauh dari masalah. Di sini, di kaki Gunung Kithairon, Herakles membunuh seekor singa tanpa menggunakan senjata. Singa tersebut dia bunuh karena telah memangsa ternak milik Thespios, raja Thespiai. Sang raja sangat terkesan pada kehebatan Herakles. Raja Thespios lalu menghibur Herakles selama lima puluh malam, dan di setiap malam Thespios mengirimkan satu orang anak perempuannya ke kamar",https://id.wikibooks.org/wiki/Mitologi_Yunani/Herakles/Kehidupan_Awal,19702,CC BY-SA 4.0,human-public-corpus,,,,,false
external-human-10,human,Muhammad/Penghasutan Yahudi,instruksional,wikibooks,"Rona muka Muhammad memerah. Ia tak menyangka bahwa pengikutnya begitu pengecut. Kaum Qurais telah mengirimkan tantangan untuk bertempur di Badar kembali. Nua'im bin Mas'ud -kurir Qurais-bahkan mengabarkan hal yang menakutkan. Katanya, pihak Mekah telah menyiapkan pasukan dengan kekuatan yang tak akan terbayangkan warga Madinah. Muhammad mengajak warganya kembali mengangkat senjata. Namun mereka cuma terdiam. Melihat itu, Rasul pun bersumpah akan tetap pergi ke Badar, meskipun seorang diri. Baru setelah itu, satu per satu mereka membulatkan tekad: siap menghadapi Qurais. Muhammad menyerahkan kepemimpinan Madinah pada Abdullah -anak tokoh oportunis Abdullah bin Ubay. Ia memimpin pasukannya ke Badar. Di pihak Qurais, Abu Sofyan juga telah meninggalkan Mekah. Dua ribu pasukan ikut bersamanya. Namun, setelah dua hari perjalanan, Abu Sofyan membatalkan niatnya. Ia membawa pasukannya pulang ke Mekah. Pasukan Muhammad menunggu selama delapan hari sebelum kembali ke Madinah. Muhammad sangat berduka. Apalagi kemudian 38 dari 40 orang pilihannya untuk berdakwah ke Najd dibantai di Bi'ir Sauna, pada 625 Masehi. Mereka ditugasi atas undangan untuk berdakwah, dan di bawah perlindungan seorang terkemuka, Abu Bara'. Kini mereka tewas. Yang selamat, Amr bin Ummaya juga mengalami",https://id.wikibooks.org/wiki/Muhammad/Penghasutan_Yahudi,81388,CC BY-SA 4.0,human-public-corpus,,,,,false
external-human-11,human,OSN Sekolah Menengah Atas,instruksional,wikibooks,contoh soal Berapa hasil dari 2015 ⋅ 2017 ⋅ 2023 ⋅ 2025 + 64 {\displaystyle {\sqrt {2015\cdot 2017\cdot 2023\cdot 2025+64}}} ? Berapa nilai x dari x 2 − x − x 2 − x − x 2 − x − … x 2 x 2 x 2 … 3 3 3 = 9 10 {\displaystyle {\frac {\sqrt {x^{2}-x-{\sqrt {x^{2}-x-{\sqrt {x^{2}-x-{\sqrt {\dots }}}}}}}}{\sqrt[{3}]{x^{2}{\sqrt[{3}]{x^{2}{\sqrt[{3}]{x^{2}\dots }}}}}}}={\frac {9}{10}}} ? Berapa nilai x dari ( x x + 10 ) x + 10 = 1 1024 {\displaystyle ({\frac {x}{x+10}})^{x+10}={\frac {1}{1024}}} ? Berapa nilai x dari x + x + 1 2 + x + 1 4 = 4 {\displaystyle x+{\sqrt {x+{\frac {1}{2}}+{\sqrt {x+{\frac {1}{4}}}}}}=4} ? Berapa nilai x dari x 3 8 − x 2 + x 2 − 8 = 0 {\displaystyle {\frac {x^{3}}{\sqrt {8-x^{2}}}}+x^{2}-8=0} ? 6Berapa nilai x dari 2 x − 4 3 + 2 x − 6 = 3 2 x − 4 + 1 2 x − 6 {\displaystyle {\frac {2x-4}{3}}+2x-6={\frac {3}{2x-4}}+{\frac {1}{2x-6}}} ? Berapa nilai x dari x 50 + x 60 + x 70 31 5 = 5,https://id.wikibooks.org/wiki/OSN_Sekolah_Menengah_Atas,117565,CC BY-SA 4.0,human-public-corpus,,,,,false
external-human-12,human,Vietnam: Why Did We Go?/Bab 14,instruksional,wikibooks,"BAB 14—Penindasan Agama dan Bakar Diri Opini Dunia Memaksa AS untuk “Menyayangkan Tindakan Represif” Diem Kejatuhan kebijakan penindasan agama Diem dapat dibenarkan jika mereka mengingat bahwa Kekristenan di Asia Tenggara adalah minoritas kecil, meskipun Gereja Katolik membentuk kelompok terbanyak dari minoritas tersebut. Di Vietnam, dari total populasi pada masa itu antara 10 sampai 11 juta orang, hanya 1.500.000 yang merupakan Katolik Roma. Dua per tiga diantaranya adalah pengungsi dari Utara, sementara Kristen lainnya, terutama Baptis dan Adventis Hari Ketujuh, berjumlah kira-kira 50.000. Kebanyakan orang dari negara tersebut adalah orang Buddha yang taat dan turunan agama dari Buddhisme. Ini menandakan bahwa orang-orang Katolik terdiri dari 12 sampai 13 persen dari seluruh orang di Vietnam Selatan. Setara dengan jika 30 juta Buddhis, atau Hindu, atau Muslim dapat berupaya untuk menteror 230 juta orang di AS, yang sebagian besar adalah Kristen. Kampanye pengikisan dan penyingkiran langsung dan tidak langsung pengaruh agama dan politik Buddha, secara keseluruhan, nampak di balik pembentukan negara polisi, dan meningkatkan penerapan Katolikisasi negara, tentara dan perwira polisi. Ketika dilakukan, kegiatan anti-Buddhis Diem dipertahankan di latar belakang. Kebijakan tersebut dibenarkan,",https://id.wikibooks.org/wiki/Vietnam:_Why_Did_We_Go%3F/Bab_14,104375,CC BY-SA 4.0,human-public-corpus,,,,,false
