id,label,topic,genre,tool,score,decision,covered,feedback,detected_language,text_words,ai_words,error
external-human-01,human,Anjuranku Kepada Segenap Bangsa Indonesia,dokumen_sastra,zerogpt,,,false,,,,,"Invalid ZeroGPT response: {'success': False, 'code': 403, 'message': 'Please make a purchase before accessing this resource', 'data': None}"
external-human-02,human,Peraturan Daerah Kabupaten Malinau Nomor 13 Tahun 2002,dokumen_sastra,zerogpt,,,false,,,,,"Invalid ZeroGPT response: {'success': False, 'code': 403, 'message': 'Please make a purchase before accessing this resource', 'data': None}"
external-human-03,human,Putusan Mahkamah Konstitusi Republik Indonesia Nomor 009/PUU-IV/2006,dokumen_sastra,zerogpt,,,false,,,,,"Invalid ZeroGPT response: {'success': False, 'code': 403, 'message': 'Please make a purchase before accessing this resource', 'data': None}"
external-human-04,human,Rancangan Undang-Undang Republik Indonesia tentang Pornografi (2008),dokumen_sastra,zerogpt,,,false,,,,,"Invalid ZeroGPT response: {'success': False, 'code': 403, 'message': 'Please make a purchase before accessing this resource', 'data': None}"
external-human-05,human,Alif Laila,ensiklopedis,zerogpt,,,false,,,,,"Invalid ZeroGPT response: {'success': False, 'code': 403, 'message': 'Please make a purchase before accessing this resource', 'data': None}"
external-human-06,human,K. R. Narayanan,ensiklopedis,zerogpt,,,false,,,,,"Invalid ZeroGPT response: {'success': False, 'code': 403, 'message': 'Please make a purchase before accessing this resource', 'data': None}"
external-human-07,human,Kode pos Tiongkok,ensiklopedis,zerogpt,,,false,,,,,"Invalid ZeroGPT response: {'success': False, 'code': 403, 'message': 'Please make a purchase before accessing this resource', 'data': None}"
external-human-08,human,Penahbisan perempuan dan Gereja Katolik,ensiklopedis,zerogpt,,,false,,,,,"Invalid ZeroGPT response: {'success': False, 'code': 403, 'message': 'Please make a purchase before accessing this resource', 'data': None}"
external-human-09,human,Mitologi Yunani/Herakles/Kehidupan Awal,instruksional,zerogpt,,,false,,,,,"Invalid ZeroGPT response: {'success': False, 'code': 403, 'message': 'Please make a purchase before accessing this resource', 'data': None}"
external-human-10,human,Muhammad/Penghasutan Yahudi,instruksional,zerogpt,,,false,,,,,"Invalid ZeroGPT response: {'success': False, 'code': 403, 'message': 'Please make a purchase before accessing this resource', 'data': None}"
external-human-11,human,OSN Sekolah Menengah Atas,instruksional,zerogpt,,,false,,,,,"Invalid ZeroGPT response: {'success': False, 'code': 403, 'message': 'Please make a purchase before accessing this resource', 'data': None}"
external-human-12,human,Vietnam: Why Did We Go?/Bab 14,instruksional,zerogpt,,,false,,,,,"Invalid ZeroGPT response: {'success': False, 'code': 403, 'message': 'Please make a purchase before accessing this resource', 'data': None}"
external-ai-01,ai,Anjuranku Kepada Segenap Bangsa Indonesia,dokumen_sastra,zerogpt,,,false,,,,,"Invalid ZeroGPT response: {'success': False, 'code': 403, 'message': 'Please make a purchase before accessing this resource', 'data': None}"
external-ai-02,ai,Peraturan Daerah Kabupaten Malinau Nomor 13 Tahun 2002,dokumen_sastra,zerogpt,,,false,,,,,"Invalid ZeroGPT response: {'success': False, 'code': 403, 'message': 'Please make a purchase before accessing this resource', 'data': None}"
external-ai-03,ai,Putusan Mahkamah Konstitusi Republik Indonesia Nomor 009/PUU-IV/2006,dokumen_sastra,zerogpt,,,false,,,,,"Invalid ZeroGPT response: {'success': False, 'code': 403, 'message': 'Please make a purchase before accessing this resource', 'data': None}"
external-ai-04,ai,Rancangan Undang-Undang Republik Indonesia tentang Pornografi (2008),dokumen_sastra,zerogpt,,,false,,,,,"Invalid ZeroGPT response: {'success': False, 'code': 403, 'message': 'Please make a purchase before accessing this resource', 'data': None}"
external-ai-05,ai,Alif Laila,ensiklopedis,zerogpt,,,false,,,,,"Invalid ZeroGPT response: {'success': False, 'code': 403, 'message': 'Please make a purchase before accessing this resource', 'data': None}"
external-ai-06,ai,K. R. Narayanan,ensiklopedis,zerogpt,,,false,,,,,"Invalid ZeroGPT response: {'success': False, 'code': 403, 'message': 'Please make a purchase before accessing this resource', 'data': None}"
external-ai-07,ai,Kode pos Tiongkok,ensiklopedis,zerogpt,,,false,,,,,"Invalid ZeroGPT response: {'success': False, 'code': 403, 'message': 'Please make a purchase before accessing this resource', 'data': None}"
external-ai-08,ai,Penahbisan perempuan dan Gereja Katolik,ensiklopedis,zerogpt,,,false,,,,,"Invalid ZeroGPT response: {'success': False, 'code': 403, 'message': 'Please make a purchase before accessing this resource', 'data': None}"
external-ai-09,ai,Mitologi Yunani/Herakles/Kehidupan Awal,instruksional,zerogpt,,,false,,,,,"Invalid ZeroGPT response: {'success': False, 'code': 403, 'message': 'Please make a purchase before accessing this resource', 'data': None}"
external-ai-10,ai,Muhammad/Penghasutan Yahudi,instruksional,zerogpt,,,false,,,,,"Invalid ZeroGPT response: {'success': False, 'code': 403, 'message': 'Please make a purchase before accessing this resource', 'data': None}"
external-ai-11,ai,OSN Sekolah Menengah Atas,instruksional,zerogpt,,,false,,,,,"Invalid ZeroGPT response: {'success': False, 'code': 403, 'message': 'Please make a purchase before accessing this resource', 'data': None}"
external-ai-12,ai,Vietnam: Why Did We Go?/Bab 14,instruksional,zerogpt,,,false,,,,,"Invalid ZeroGPT response: {'success': False, 'code': 403, 'message': 'Please make a purchase before accessing this resource', 'data': None}"
